<?xml version="1.0" encoding="UTF-8"?>
<?xml-stylesheet type="text/xsl" href="configuration.xsl"?>

<configuration>
  <property>
    <name>fs.defaultFS</name>
    <value>hdfs://namenode:8020</value>
  </property>
  <property>
    <name>hadoop.tmp.dir</name>
    <value>/usr/local/hadoop/tmp</value>
  </property>
  <property>
   <name>hadoop.proxyuser.hduser.hosts</name>
   <value>*</value>
  </property>
  <property>
   <name>hadoop.proxyuser.hduser.groups</name>
   <value>*</value>
  </property>
</configuration>
