<?xml version="1.0"?>
<?xml-stylesheet type="text/xsl" href="configuration.xsl"?>

<configuration>
  <property>
    <name>hbase.rootdir</name>
    <value>hdfs://namenode:8020/hbase</value>
  </property>
  <property>
    <name>hbase.cluster.distributed</name>
    <value>true</value>
  </property>
  <property>
    <name>hbase.master</name>
    <value>namenode:60000</value>
  </property>
  <property>
    <name>hbase.master.port</name>
    <value>60000</value>
  </property>
  <property>
    <name>hbase.master.ipc.address</name>
    <value>0.0.0.0</value>
  </property>
  <property>
    <name>hbase.zookeeper.quorum</name>
    <value>namenode,datanode01,datanode02</value>
  </property>
  <property>
    <name>dfs.replication</name>
    <value>2</value>
  </property>
  <property>
    <name>hbase.security.authentication</name>
    <value>none</value>
  </property>
</configuration>
