<?xml version="1.0" encoding="UTF-8"?>
<?xml-stylesheet type="text/xsl" href="configuration.xsl"?>

<configuration>
  <property>
    <name>dfs.name.dir</name>
    <value>/usr/local/hadoop/hdfs/name</value>
  </property>
  <property>
    <name>dfs.data.dir</name>
    <value>/usr/local/hadoop/hdfs/data</value>
  </property>
  <property>
    <name>dfs.replication</name>
    <value>2</value>
  </property>
<!--
  <property>
    <name>dfs.webhdfs.enabled</name>
    <value>true</value>
  </property>
-->
</configuration>
