<?xml version="1.0"?>

<configuration>
  <property>
    <name>yarn.nodemanager.aux-services</name>
    <value>mapreduce_shuffle</value>
  </property>
  <property>
    <name>yarn.resourcemanager.hostname</name>
    <value>namenode</value>
  </property>
  <property>
    <name>yarn.resourcemanager.scheduler.address</name>
    <value>namenode:8030</value>
  </property>
  <property>
    <name>yarn.resourcemanager.resource-tracker.address</name>
    <value>namenode:8031</value>
  </property>
    <property>
    <name>yarn.resourcemanager.address</name>
    <value>namenode:8032</value>
  </property>
    <property>
    <name>yarn.resourcemanager.webapp.address</name>
    <value>namenode:8099</value>
  </property>
  <property>
    <name>yarn.nodemanager.vmem-check-enabled</name>
    <value>false</value>
  </property>
  <property>
    <name>yarn.nodemanager.vmem-pmem-ratio</name>
    <value>4</value>
  </property>
  <property>
    <name>yarn.nodemanager.resource.memory-mb</name>
    <value>20960</value>
  </property>
  <property>
    <name>yarn.scheduler.minimum-allocation-mb</name>
    <value>1024</value>
   </property>
  <property>
   <name>yarn.scheduler.maximum-allocation-mb</name>
   <value>3456</value>
  </property>
</configuration>
