<?xml version="1.0" encoding="UTF-8"?>
<workflow-app xmlns="uri:oozie:workflow:0.5" name="sqoop-wf">
    <start to="sqoop-node"/>

    <action name="sqoop-node">
        <sqoop xmlns="uri:oozie:sqoop-action:0.2">
            <job-tracker>${jobTracker}</job-tracker>
            <name-node>${nameNode}</name-node>
            <prepare>
		<delete path="${delete_path}"/>
                <mkdir path="${create_path}"/>
            </prepare>
            <configuration>
                <property>
                    <name>mapred.job.queue.name</name>
                    <value>${queueName}</value>
                </property>
            </configuration>
            <command>${command}</command>
        </sqoop>

	<ok to="notify"/>
        <error to="end"/>
    </action>

    <action name="notify">
        <email xmlns="uri:oozie:email-action:0.1">
            <to>suporte@dexter.com.br</to>
            <subject>Notificação de Job: importar-tabelas-funcionarios</subject>
            <body>O Job ${wf:id()} foi completado com sucesso! Verifique os dados importados em: hdfs://192.168.56.100:8020/user/hduser/oozie/output-data/sqoop</body>
        </email>

        <ok to="end"/>
        <error to="fail"/>
    </action>

    <kill name="fail">
        <message>Sqoop failed, error message[${wf:errorMessage(wf:lastErrorNode())}]</message>
    </kill>
    <end name="end"/>
</workflow-app>
