{"cliente":"System Corp", "tipo_curso":"Presencial", "data_venda":"2015-10-25", "valor":42000, "id_vend":20}
{"cliente":"Trends Admin", "tipo_curso":"Presencial", "data_venda":"2016-04-16", "valor":55000, "id_vend":9}
{"cliente":"Octa Core", "tipo_curso":"Online", "data_venda":"2016-11-07", "valor":21000, "id_vend":3}
{"cliente":"Sistemik 1000", "tipo_curso":"Presencial", "data_venda":"2015-06-10", "valor":38000, "id_vend":12}
{"cliente":"Aster Magazine", "tipo_curso":"Online", "data_venda":"2015-09-19", "valor":29000, "id_vend":20}
{"cliente":"Blue Company", "tipo_curso":"Online", "data_venda":"2016-07-08", "valor":30000, "id_vend":14}
{"cliente":"Consul TI", "tipo_curso":"Online", "data_venda":"2015-06-29", "valor":18000, "id_vend":14}
{"cliente":"Datacenter Sys", "tipo_curso":"Presencial", "data_venda":"2016-05-03", "valor":60000, "id_vend":16}
{"cliente":"Make Kernel", "tipo_curso":"Presencial", "data_venda":"2016-11-17", "valor":55000, "id_vend":9}
{"cliente":"Tux Support", "tipo_curso":"Presencial", "data_venda":"2015-08-05", "valor":47000, "id_vend":3}
{"cliente":"Dexter Corp", "tipo_curso":"Online", "data_venda":"2015-01-27", "valor":19000, "id_vend":9}
{"cliente":"Flex Mobile", "tipo_curso":"Presencial", "data_venda":"2015-06-22", "valor":46000, "id_vend":16}
{"cliente":"Five TI", "tipo_curso":"Presencial", "data_venda":"2016-10-21", "valor":44000, "id_vend":12}
{"cliente":"Midnight Ltda", "tipo_curso":"Online", "data_venda":"2015-11-16", "valor":42000, "id_vend":20}
{"cliente":"Cloud ME", "tipo_curso":"Online", "data_venda":"2015-09-15", "valor":34000, "id_vend":3}
{"cliente":"DevOps Corp", "tipo_curso":"Presencial", "data_venda":"2015-11-24", "valor":52000, "id_vend":12}
{"cliente":"Core System", "tipo_curso":"Online", "data_venda":"2016-02-26", "valor":41000, "id_vend":12}
{"cliente":"Byte Company", "tipo_curso":"Online", "data_venda":"2015-03-03", "valor":17000, "id_vend":16}
{"cliente":"Master Cloud", "tipo_curso":"Online", "data_venda":"2016-04-09", "valor":15000, "id_vend":20}
{"cliente":"Cluster Datacenter", "tipo_curso":"Presencial", "data_venda":"2015-01-12", "valor":36000, "id_vend":3}
